{
  "name": "blueimp-image-gallery",
  "version": "3.0.1",
  "title": "jQuery Image Gallery",
  "description": "jQuery Image Gallery displays images with the touch-enabled, responsive and customizable blueimp Gallery carousel in the dialog component of jQuery UI. It features swipe, mouse and keyboard navigation, transition effects and on-demand content loading and can be extended to display additional content types.",
  "keywords": [
    "image",
    "gallery",
    "dialog",
    "transition",
    "effects"
  ],
  "homepage": "https://github.com/blueimp/jQuery-Image-Gallery",
  "author": {
    "name": "Sebastian Tschan",
    "url": "https://blueimp.net"
  },
  "maintainers": [
    {
      "name": "Sebastian Tschan",
      "url": "https://blueimp.net"
    }
  ],
  "bugs": "https://github.com/blueimp/jQuery-Image-Gallery/issues",
  "licenses": [
    {
      "type": "MIT",
      "url": "http://www.opensource.org/licenses/MIT"
    }
  ],
  "dependencies": {
    "jquery": ">=1.7",
    "jquery-ui": ">=1.10",
    "blueimp-gallery": ">=2.12.0"
  },
  "docs": "https://github.com/blueimp/jQuery-Image-Gallery/blob/master/README.md",
  "demo": "https://blueimp.github.io/jQuery-Image-Gallery/"
}
